Region,Revenue
West,1414997.9816271188
East,1412404.3186046868
North,1328569.6497758913
South,1278404.3449521535
