CustomerID,Revenue,Quantity
1058,86071.83900149904,290
1053,81772.67320410672,304
1089,73352.01078009323,267
1095,72987.7942351181,266
1000,72424.19324491102,220
1086,72326.97038524559,244
1068,70193.66656831153,231
1082,69372.23274988582,221
1012,69146.10274387816,228
1005,69040.741661256,253
